Grupo,Subpágina
12,64
Home Page,
,
Reformas integrales,
,reformas integrales casas
,reformas integrales pisos
,reformas llave en mano
,
Reformas por estancia,
,reforma cocina
,reforma baño
,reforma salon
,reforma habitacion
,reformas terrazas y balcones
,reformas entradas y almacenaje
,
Servicios técnicos de reforma,
,aislamiento termico acustico
,carpinteria
,electricidad
,fontaneria
,pintura interior
,pladur
,trabajos albanileria
,calefaccion y climatizacion
,impermeabilizaciones
,
Reformas en tu zona,
,Badalona
,Badia del Vallès
,Barberà del Vallès
,Barcelona
,Castellar del Vallès
,Cerdanyola del Vallès
,Granollers
,L’Hospitalet de Llobregat
,La Llagosta
,Les Franqueses del Vallès
,Mollet del Vallès
,Montcada i Reixac
,Montmeló
,Palau-solità i Plegamans
,Parets del Vallès
,Polinyà
,Ripollet
,Rubí
,Sabadell
,Sant Cugat del Vallès
,Sant Quirze del Vallès
,Santa Perpètua de Mogoda
,Sentmenat
,Terrassa
,
Reformas comerciales y de oficinas,
,reformas centros educativos
,reformas centros estetica
,reformas clinicas medicas
,reformas espacios culturales
,reformas gimnasios
,reformas locales comerciales
,reformas naves industriales
,reformas oficinas
,reformas panaderia pastelerias
,reformas restaurantes
,
Equipo / Sobre nosotros,
,Materiales que utilizamos
,Garantías y licencias
,Colaboraciones con arquitectos / interioristas
,
Información útil,
,Preguntas frecuentes
,Opiniones de clientes
,
Trabajos Realizados,
Calculadora de Reformas,
Contacto,
Blog,
,Artículo 1
,Artículo 2
,Artículo 3
,Artículo 4
,Artículo 5
,Artículo 6
,Artículo 7
,Artículo 8
,Artículo 9
,Artículo 10
